epoch,loss,alpha,val_f1,val_roc,ece,brier
1,0.9682940244674683,1.0,0.3333333333333333,1.0,0.016205906867980957,0.24880896688001997
